event_id,event_type,origin_author,date,time,latitude,longitude,depth_km,depth_fixed,magnitude,magnitude_type
608097334,se,ISC,2015-09-08,01:06:24.72,-8.469,112.7703,18.5,,4.0,mb
611531626,ke,DJA,2015-09-10,01:23:16.10,-8.24,113.14,145.0,,2.8,MLv
607735778,se,ISC,2015-09-10,16:19:23.51,-8.7357,112.5077,75.6,,4.8,mb
611531687,ke,DJA,2015-09-14,01:25:20.10,-8.82,111.44,20.0,,2.9,MLv
608097918,ke,ISC,2015-09-16,08:25:34.74,-8.8594,114.878,106.3,,3.3,mb
608098493,ke,IDC,2015-09-18,23:36:26.89,-8.4197,113.3715,0.0,TRUE,3.3,mb
611531760,ke,DJA,2015-09-19,10:35:39.60,-7.58,113.01,127.0,,2.5,MLv
611531776,ke,DJA,2015-09-20,15:14:12.80,-7.25,114.31,10.0,,2.6,MLv
608098736,ke,ISC,2015-09-21,10:24:25.56,-8.3597,111.491,128.5,,3.0,mb
611531821,ke,DJA,2015-09-23,18:05:14.50,-8.84,111.38,75.0,,3.2,MLv
611531875,ke,DJA,2015-09-29,10:29:37.20,-7.8,111.58,10.0,,2.4,MLv
611531911,ke,DJA,2015-10-02,18:19:08.70,-8.47,111.17,11.0,,3.4,MLv
611531993,ke,DJA,2015-10-09,05:47:14.60,-8.18,114.91,18.0,,3.0,MLv
608099829,se,ISC,2015-10-09,06:31:01.42,-8.2612,114.9239,8.3,,4.2,mb
611532042,ke,DJA,2015-10-13,10:48:32.60,-8.08,114.51,74.0,,2.7,MLv
611532063,ke,DJA,2015-10-14,00:20:39.70,-7.56,111.85,12.0,,2.4,MLv
611532060,ke,DJA,2015-10-14,07:38:26.90,-7.58,111.75,10.0,,3.1,MLv
611532056,ke,DJA,2015-10-14,18:37:22.50,-8.77,111.2,26.0,,3.0,MLv
611532077,ke,DJA,2015-10-15,09:22:53,-8.76,110.86,12.0,,3.3,MLv
611532088,ke,DJA,2015-10-16,14:52:13.80,-8.12,111.69,115.0,,4.0,mb
611532087,ke,DJA,2015-10-16,23:50:13.30,-8.11,114.86,10.0,,2.9,MLv
611532101,ke,ISC,2015-10-17,07:32:34.89,-8.8513,112.3874,71.0,TRUE,3.8,MLv
608100454,ke,ISC,2015-10-21,09:44:25.09,-8.331,112.8296,135.9,,4.0,mb
611532178,ke,DJA,2015-10-22,00:41:41.30,-8.29,111.67,65.0,,3.2,MLv
607926193,se,ISC,2015-10-22,18:10:19.25,-6.3396,110.9194,18.2,,4.3,mb
611532175,ke,DJA,2015-10-22,18:23:26,-8.72,111.62,26.0,,3.2,MLv
611532198,ke,DJA,2015-10-24,15:43:20.30,-8.63,114.75,28.0,,3.2,MLv
611532212,ke,DJA,2015-10-25,01:44:59.70,-8.9,111.36,24.0,,3.0,MLv
611532243,ke,DJA,2015-10-27,11:54:40.20,-8.08,112.76,23.0,,3.0,MLv
611532251,ke,DJA,2015-10-28,04:22:20.50,-8.09,111.8,122.0,,2.6,MLv
611532248,ke,DJA,2015-10-28,16:08:22.90,-8.22,111.72,108.0,,2.1,MLv
611815177,ke,DJA,2015-10-31,22:14:31.30,-6.78,112.28,10.0,,2.6,MLv
611532293,ke,DJA,2015-11-02,11:07:19.70,-7.65,111.67,10.0,,3.1,MLv
611532311,ke,DJA,2015-11-04,23:56:37.40,-7.91,112.98,10.0,,2.5,MLv
611532449,ke,DJA,2015-11-10,12:46:40.10,-8.84,112.55,26.0,,2.7,MLv
608129858,se,ISC,2015-11-20,06:04:20.09,-8.9377,111.3001,58.0,TRUE,4.5,mb
611532703,ke,DJA,2015-11-21,16:28:48.90,-8.66,114.58,86.0,,2.4,MLv
608130354,ke,ISC,2015-11-28,04:27:43.27,-8.5291,112.7088,25.3,,3.4,mb
608186620,ke,IDC,2015-12-04,06:41:37.32,-7.3573,111.8869,0.0,TRUE,3.5,mb
611533028,ke,DJA,2015-12-07,16:48:22.90,-8.77,113.74,86.0,,2.7,MLv
611533070,ke,DJA,2015-12-08,07:01:03.40,-8.88,112.32,32.0,,3.1,MLv
608187321,ke,IDC,2015-12-10,02:55:37.79,-6.8998,111.9674,540.7,,2.6,mb
611533127,ke,DJA,2015-12-11,19:39:15.30,-8.64,113.35,88.0,,2.7,MLv
611533203,ke,DJA,2015-12-16,17:12:54.10,-8.43,113.26,10.0,,4.4,mb
611533221,ke,DJA,2015-12-17,05:35:57.50,-8.19,111.24,100.0,,3.0,MLv
611815258,ke,DJA,2016-01-03,08:20:54.80,-8.75,111.16,10.0,,2.9,MLv
611815276,ke,DJA,2016-01-04,03:24:14,-8.93,111.31,13.0,,3.1,MLv
608347255,ke,ISC,2016-01-10,10:43:36.62,-8.0693,114.1655,10.0,TRUE,3.7,mb
611815321,ke,DJA,2016-01-10,10:45:01.80,-8.04,114.15,11.0,,2.7,MLv
611815391,ke,DJA,2016-01-17,21:16:16,-8.78,114.68,10.0,,3.1,MLv
611815418,ke,DJA,2016-01-18,17:25:12.80,-8.82,111.2,22.0,,2.8,MLv
611815429,ke,DJA,2016-01-19,22:14:29,-8.77,112.53,110.0,,4.1,mb
608347992,ke,ISC,2016-01-20,12:12:45.93,-8.4535,112.6193,150.0,TRUE,3.7,mb
608348002,ke,ISC,2016-01-20,15:04:07.28,-8.3665,112.6236,10.0,TRUE,3.3,mb
611815449,ke,DJA,2016-01-20,15:53:05.60,-8.88,111.23,17.0,,3.6,MLv
611815468,ke,DJA,2016-01-22,00:06:56.10,-7.85,114.17,10.0,,2.3,MLv
611815544,ke,DJA,2016-02-04,09:09:51.20,-8.82,111.22,20.0,,2.9,MLv
611815557,ke,DJA,2016-02-05,02:26:37.40,-8.77,111.28,41.0,,3.7,MLv
611815549,ke,DJA,2016-02-05,17:16:07.10,-8.86,112.2,25.0,,2.6,MLv
611815564,ke,DJA,2016-02-07,20:00:50.30,-7.93,112.94,11.0,,2.1,MLv
611815579,ke,DJA,2016-02-10,21:18:20.50,-8.2,113.39,170.0,,3.2,MLv
611815587,ke,DJA,2016-02-11,06:29:19.50,-8.81,112.49,40.0,,3.6,MLv
611815586,ke,DJA,2016-02-11,09:17:47.70,-8.46,110.73,10.0,,3.1,MLv
611815594,ke,DJA,2016-02-12,11:00:58.40,-8.83,112.55,28.0,,3.2,MLv
611815606,ke,DJA,2016-02-13,18:18:03.90,-7.45,111.77,10.0,,3.1,MLv
611815605,ke,DJA,2016-02-13,18:41:27.20,-7.43,111.83,10.0,,3.3,MLv
611815604,ke,DJA,2016-02-13,18:52:32,-7.44,112.01,20.0,,2.4,MLv
608499011,ke,ISC,2016-02-13,19:36:11.32,-7.4105,111.8204,10.0,TRUE,3.6,mb
611815603,ke,DJA,2016-02-13,19:42:43.90,-7.44,111.81,11.0,,2.6,MLv
611815602,ke,DJA,2016-02-13,22:03:39.30,-7.46,111.85,14.0,,2.5,MLv
611815600,ke,DJA,2016-02-13,23:00:45.80,-7.45,111.79,10.0,,2.2,MLv
611815628,ke,DJA,2016-02-14,00:16:16.90,-7.43,111.82,10.0,,2.7,MLv
611815627,ke,DJA,2016-02-14,00:17:31.90,-7.44,111.79,10.0,,2.7,MLv
611815625,ke,DJA,2016-02-14,03:50:03.30,-7.51,111.88,17.0,,2.4,MLv
611815618,ke,DJA,2016-02-14,14:42:37.10,-7.42,111.8,10.0,,2.4,MLv
611815617,ke,DJA,2016-02-14,16:00:44.50,-7.46,111.91,15.0,,2.2,MLv
611815614,ke,DJA,2016-02-14,17:03:03.80,-7.73,111.42,21.0,,2.2,MLv
611815613,ke,DJA,2016-02-14,17:23:46.20,-7.45,111.97,14.0,,2.1,MLv
611815664,ke,DJA,2016-02-15,03:09:03.80,-7.45,111.82,10.0,,2.7,MLv
611815663,ke,DJA,2016-02-15,04:07:03.70,-7.43,111.84,10.0,,2.7,MLv
611815660,ke,DJA,2016-02-15,10:50:54.60,-7.44,111.86,10.0,,2.8,MLv
611815659,ke,DJA,2016-02-15,12:23:07.40,-7.44,111.82,10.0,,2.5,MLv
611815658,ke,DJA,2016-02-15,13:11:53.50,-7.43,111.73,14.0,,2.6,MLv
611815657,ke,DJA,2016-02-15,13:19:23.20,-7.41,111.77,16.0,,2.3,MLv
611815656,ke,DJA,2016-02-15,14:02:36.40,-7.4,111.71,18.0,,2.6,MLv
611815654,ke,DJA,2016-02-15,15:02:07.40,-7.4,111.76,23.0,,2.9,MLv
611815653,ke,DJA,2016-02-15,15:28:40.10,-7.4,111.76,28.0,,2.5,MLv
611815651,ke,DJA,2016-02-15,16:27:28.60,-7.43,111.79,43.0,,2.4,MLv
611815649,ke,DJA,2016-02-15,17:16:12.80,-7.45,111.82,12.0,,2.4,MLv
611815646,ke,DJA,2016-02-15,18:03:45.30,-7.4,111.77,29.0,,2.4,MLv
611815645,ke,DJA,2016-02-15,18:08:45.90,-7.47,111.8,73.0,,2.1,MLv
611815644,ke,DJA,2016-02-15,18:13:33.90,-7.44,111.79,10.0,,2.5,MLv
611815643,ke,DJA,2016-02-15,18:20:30.10,-7.42,111.75,91.0,,2.3,MLv
611815642,ke,DJA,2016-02-15,18:27:49.40,-7.42,111.76,10.0,,2.2,MLv
611815640,ke,DJA,2016-02-15,18:29:46.10,-7.5,111.86,17.0,,2.2,MLv
611815639,ke,DJA,2016-02-15,18:36:09.80,-7.4,111.83,17.0,,2.4,MLv
611815637,ke,DJA,2016-02-15,18:54:40.40,-7.42,111.84,50.0,,2.3,MLv
611815636,ke,DJA,2016-02-15,19:10:36.10,-7.46,111.83,27.0,,2.5,MLv
611815635,ke,DJA,2016-02-15,19:15:00.90,-7.4,111.81,54.0,,2.6,MLv
611815634,ke,DJA,2016-02-15,19:17:07.80,-7.47,111.67,10.0,,2.5,MLv
611815633,ke,DJA,2016-02-15,19:44:08.80,-7.41,111.77,38.0,,2.4,MLv
611815632,ke,DJA,2016-02-15,19:57:04.30,-7.35,111.79,16.0,,3.0,MLv
611815631,ke,DJA,2016-02-15,20:00:36.20,-7.39,111.79,10.0,,2.6,MLv
608499169,se,ISC,2016-02-16,08:58:36.05,-6.5745,114.5159,600.0,TRUE,3.9,mb
611815688,ke,DJA,2016-02-17,07:59:55.20,-7.47,111.84,10.0,,3.0,MLv
611815686,ke,DJA,2016-02-17,14:07:35.80,-7.42,111.85,11.0,,2.8,MLv
611815684,ke,DJA,2016-02-17,14:42:46.70,-7.45,111.85,11.0,,2.7,MLv
611815683,ke,DJA,2016-02-17,15:25:09.10,-7.43,111.82,10.0,,3.1,MLv
611815682,ke,DJA,2016-02-17,15:40:54.20,-7.42,111.81,10.0,,2.6,MLv
611815678,ke,DJA,2016-02-17,18:18:59.50,-7.43,111.8,10.0,,2.9,MLv
611815677,ke,DJA,2016-02-17,20:37:53.20,-7.46,111.79,10.0,,2.4,MLv
611815676,ke,DJA,2016-02-17,22:49:54.10,-7.44,111.85,10.0,,3.0,MLv
611815710,ke,DJA,2016-02-18,00:00:11.80,-7.43,111.84,11.0,,2.6,MLv
611815709,ke,DJA,2016-02-18,00:50:07.30,-7.46,111.89,10.0,,2.2,MLv
611815708,ke,DJA,2016-02-18,03:51:03.90,-7.43,111.82,10.0,,2.8,MLv
611815707,ke,DJA,2016-02-18,06:27:52.40,-7.44,111.87,12.0,,2.4,MLv
611815706,ke,DJA,2016-02-18,08:27:11.80,-7.55,111.91,21.0,,2.2,MLv
611815705,ke,DJA,2016-02-18,10:50:48,-7.43,112.08,11.0,,2.5,MLv
611815700,ke,DJA,2016-02-18,12:27:06,-7.5,111.97,14.0,,2.5,MLv
611815699,ke,DJA,2016-02-18,13:05:56.90,-7.48,111.93,10.0,,2.3,MLv
611815698,ke,DJA,2016-02-18,13:59:08.10,-7.42,111.86,10.0,,2.7,MLv
611815696,ke,DJA,2016-02-18,14:53:09.60,-7.5,111.98,14.0,,2.5,MLv
611815695,ke,DJA,2016-02-18,16:18:01.80,-7.45,111.8,10.0,,2.5,MLv
611815694,ke,DJA,2016-02-18,17:04:46.40,-7.41,111.82,11.0,,3.0,MLv
611815691,ke,DJA,2016-02-18,19:00:52.20,-7.48,111.84,17.0,,2.4,MLv
608499969,se,ISC,2016-02-18,23:10:16.72,-8.0894,113.8819,195.9,,4.0,mb
611815727,ke,DJA,2016-02-19,03:05:48.40,-7.47,111.85,10.0,,2.1,MLv
611815723,ke,DJA,2016-02-19,08:02:21.20,-7.41,111.8,10.0,,2.7,MLv
611815721,ke,DJA,2016-02-19,10:03:32.30,-8.95,111.36,10.0,,2.6,MLv
611815717,ke,DJA,2016-02-19,17:36:13.40,-7.37,111.87,10.0,,2.4,MLv
611815716,ke,DJA,2016-02-19,17:56:30.60,-7.5,111.77,16.0,,2.1,MLv
611815715,ke,DJA,2016-02-19,18:26:43,-7.43,111.84,10.0,,2.4,MLv
611815714,ke,DJA,2016-02-19,18:28:24.90,-7.47,111.8,11.0,,2.3,MLv
611815713,ke,DJA,2016-02-19,19:10:17.70,-7.5,111.85,12.0,,2.3,MLv
611815739,ke,DJA,2016-02-20,02:26:48.70,-7.54,111.92,17.0,,2.4,MLv
611815735,ke,DJA,2016-02-20,14:34:46.20,-7.42,111.87,19.0,,2.4,MLv
611815734,ke,DJA,2016-02-20,17:21:43.30,-8.36,113.19,91.0,,2.6,MLv
611815747,ke,DJA,2016-02-22,20:20:27.80,-7.43,111.82,10.0,,3.3,MLv
611815765,ke,DJA,2016-02-23,00:24:23.70,-8.93,112.26,22.0,,2.9,MLv
611815761,ke,DJA,2016-02-23,08:28:37.50,-7.41,111.79,10.0,,2.8,MLv
611815759,ke,DJA,2016-02-23,10:55:03.40,-7.52,111.97,20.0,,2.5,MLv
611815751,ke,DJA,2016-02-23,22:36:16.10,-7.42,111.82,10.0,,3.5,MLv
611815773,ke,DJA,2016-02-25,04:54:28.30,-7.45,111.86,15.0,,2.8,MLv
608356445,se,ISC,2016-02-25,23:35:19.47,-8.71,111.5251,66.6,,5.0,mb
611815783,ke,DJA,2016-02-26,11:53:41,-8.86,113.76,40.0,,3.1,MLv
611815789,ke,DJA,2016-02-27,15:16:19.10,-7.44,111.83,10.0,,2.5,MLv
611815793,ke,DJA,2016-02-28,13:36:42.70,-7.4,111.94,14.0,,2.8,MLv
611815814,ke,ISC,2016-02-29,09:21:06.90,-8.8643,114.6483,101.0,TRUE,2.9,mb
608497411,ke,ISC,2016-02-29,19:20:38.25,-8.0255,114.3162,10.0,TRUE,3.2,mb
611815803,ke,DJA,2016-02-29,21:57:24.90,-7.46,114.97,115.0,,3.1,MLv
611815802,ke,DJA,2016-02-29,22:34:41.40,-7.86,114.32,29.0,,2.6,MLv
611815799,ke,DJA,2016-02-29,23:09:54.40,-7.89,114.09,10.0,,2.5,MLv
611815843,ke,DJA,2016-03-02,05:27:19.80,-7.93,114.24,10.0,,2.3,MLv
611838940,se,ISC,2016-03-02,06:09:12.06,-8.7007,112.5052,80.8,,5.0,mb
611815837,ke,DJA,2016-03-02,23:31:50.60,-7.94,114.19,10.0,,3.1,MLv
611815850,ke,DJA,2016-03-03,15:03:03.70,-7.96,114.15,14.0,,2.2,MLv
611815874,ke,DJA,2016-03-06,17:18:58.70,-8.78,112.91,44.0,,2.6,MLv
611815873,ke,DJA,2016-03-06,17:28:36.40,-8.33,114.97,10.0,,2.9,MLv
611815898,ke,DJA,2016-03-07,11:40:57.40,-8.7,110.81,55.0,,3.3,MLv
611815909,ke,DJA,2016-03-08,12:06:04,-8.93,111.44,10.0,,3.6,MLv
608476719,se,ISC,2016-03-10,11:42:05.40,-8.931,111.4437,58.7,,4.0,mb
611815936,ke,DJA,2016-03-11,13:14:11.80,-6.78,111.91,10.0,,2.7,MLv
611815962,ke,DJA,2016-03-13,03:14:07.80,-8.87,111.44,18.0,,3.2,MLv
611815977,ke,DJA,2016-03-15,03:43:54.60,-8.99,114.43,35.0,,2.9,MLv
611816012,ke,DJA,2016-03-21,12:29:36.60,-8.96,110.85,73.0,,2.8,MLv
611816029,ke,DJA,2016-03-22,03:09:08.80,-7.94,114.19,14.0,,2.7,MLv
611816024,ke,DJA,2016-03-22,14:59:36.80,-7.93,114.19,11.0,,3.0,MLv
611816021,ke,DJA,2016-03-22,20:55:00.20,-7.92,114.11,11.0,,2.1,MLv
611816031,ke,DJA,2016-03-24,20:15:43.60,-9.0,113.78,10.0,,3.2,MLv
611816049,ke,DJA,2016-03-25,01:18:21.70,-7.92,114.16,13.0,,2.7,MLv
611816044,ke,DJA,2016-03-25,15:20:39.80,-7.38,111.83,10.0,,2.8,MLv
611816043,ke,DJA,2016-03-25,19:03:13.80,-8.87,111.29,23.0,,3.0,MLv
611816041,ke,DJA,2016-03-25,22:34:13.60,-8.48,113.33,10.0,,2.6,MLv
611816069,ke,DJA,2016-03-26,01:55:25.40,-7.95,113.05,11.0,,2.6,MLv
611816057,ke,DJA,2016-03-26,19:18:47,-8.13,111.32,114.0,,3.0,MLv
611816080,ke,DJA,2016-03-27,12:44:05.50,-8.19,113.46,149.0,,2.4,MLv
611816073,ke,DJA,2016-03-27,19:10:14.10,-7.61,112.87,13.0,,2.5,MLv
611816072,ke,DJA,2016-03-27,19:18:35,-6.48,113.21,13.0,,2.9,MLv
608579100,ke,ISC,2016-03-29,13:26:54.16,-8.1041,114.8971,14.3,,3.7,mb
611816131,ke,DJA,2016-04-04,22:25:24.10,-8.02,114.74,10.0,,2.4,MLv
608812357,ke,ISC,2016-04-06,23:54:34.74,-8.9652,113.3124,125.2,,3.3,mb
608812487,ke,ISC,2016-04-08,15:09:42.15,-8.9627,112.4539,35.0,TRUE,3.4,mb
611816176,ke,DJA,2016-04-08,23:48:27.40,-8.33,111.43,117.0,,2.9,MLv
611816236,ke,DJA,2016-04-14,05:32:17.10,-8.8,112.48,56.0,,2.8,MLv
608811583,ke,ISC,2016-04-28,07:58:55.71,-8.0682,114.7359,35.0,TRUE,3.8,mb
611816338,ke,DJA,2016-04-28,09:49:10.20,-8.0,114.75,10.0,,3.1,MLv
611816336,ke,DJA,2016-04-28,13:14:48.20,-8.01,114.71,10.0,,3.2,MLv
611816335,ke,DJA,2016-04-28,20:15:11.90,-7.95,114.73,10.0,,4.4,mb
611816357,ke,DJA,2016-04-29,11:27:31.10,-8.0,114.72,10.0,,2.9,MLv
611816356,ke,DJA,2016-04-29,11:51:51.30,-7.98,114.72,13.0,,2.9,MLv
611816355,ke,DJA,2016-04-29,12:01:34,-7.99,114.72,13.0,,2.7,MLv
611816354,ke,DJA,2016-04-29,12:08:04.50,-7.97,114.73,13.0,,2.5,MLv
611816348,ke,DJA,2016-04-29,17:51:06.20,-7.97,114.71,13.0,,3.2,MLv
611816347,ke,DJA,2016-04-29,18:34:19.30,-7.72,114.64,19.0,,2.4,MLv
611816346,ke,DJA,2016-04-29,20:08:48.20,-7.54,111.73,10.0,,3.0,MLv
611816343,ke,DJA,2016-04-29,20:09:21.90,-7.52,111.55,14.0,,3.0,MLv
608811731,ke,ISC,2016-04-30,06:30:30.32,-7.622,111.9201,7.5,,3.7,mb
611816361,ke,DJA,2016-04-30,06:49:28.40,-7.57,111.74,10.0,,3.3,MLv
611816378,ke,DJA,2016-05-01,06:40:39.90,-7.53,111.75,10.0,,3.4,MLv
611816406,ke,DJA,2016-05-04,09:48:30.70,-8.01,114.73,17.0,,2.6,MLv
611816439,ke,DJA,2016-05-07,07:43:47.20,-8.27,113.45,10.0,,2.8,MLv
611816469,ke,DJA,2016-05-12,19:48:50.60,-8.51,111.36,10.0,,2.9,MLv
609345026,ke,ISC,2016-05-13,18:10:47.10,-6.8429,114.392,11.2,,3.5,mb
609345120,ke,IDC,2016-05-14,10:40:15.82,-7.8699,112.687,0.0,TRUE,3.4,mb
611816530,ke,DJA,2016-05-18,01:18:34.20,-8.88,111.33,24.0,,3.3,MLv
611816559,ke,DJA,2016-05-22,09:28:55.70,-8.5,114.95,10.0,,3.1,MLv
611816558,ke,DJA,2016-05-22,10:11:23.70,-8.45,114.96,10.0,,2.4,MLv
611816601,ke,DJA,2016-05-28,10:49:03.20,-8.67,111.09,30.0,,3.4,MLv
611816609,ke,DJA,2016-05-29,17:28:56.20,-8.88,110.86,20.0,,2.9,MLv
609347487,ke,ISC,2016-06-03,13:53:31.22,-7.8704,112.1793,178.1,,3.4,mb
